games, numTurns, whoWon, yourStrat, CardsInDeck
1,16,player 1,opp Guess,6
2,4,player 2,opp Guess,30
3,6,player 2,opp Guess,26
4,5,player 1,opp Guess,28
5,3,player 1,opp Guess,32
6,3,player 1,opp Guess,32
7,7,player 1,opp Guess,24
8,8,player 1,opp Guess,22
9,5,player 2,opp Guess,28
10,19,player 2,opp Guess,0
11,6,player 2,opp Guess,26
12,5,player 2,opp Guess,28
13,5,player 2,opp Guess,28
14,14,player 2,opp Guess,10
15,19,player 2,opp Guess,0
16,7,player 2,opp Guess,24
17,19,player 1,opp Guess,0
18,19,player 1,opp Guess,0
19,19,player 2,opp Guess,0
20,19,player 1,opp Guess,0
21,9,player 1,opp Guess,20
22,11,player 1,opp Guess,16
23,10,player 2,opp Guess,18
24,19,player 2,opp Guess,0
25,11,player 2,opp Guess,16
26,19,player 2,opp Guess,0
27,19,player 2,opp Guess,0
28,9,player 2,opp Guess,20
29,12,player 1,opp Guess,14
30,19,player 2,opp Guess,0
31,3,player 1,opp Guess,32
32,18,player 1,opp Guess,2
33,6,player 1,opp Guess,26
34,19,player 1,opp Guess,0
35,19,player 1,opp Guess,0
36,17,player 2,opp Guess,4
37,19,player 2,opp Guess,0
38,19,player 1,opp Guess,0
39,18,player 1,opp Guess,2
40,19,player 1,opp Guess,0
41,19,player 2,opp Guess,0
42,19,player 1,opp Guess,0
43,19,player 2,opp Guess,0
44,15,player 2,opp Guess,8
45,5,player 2,opp Guess,28
46,8,player 2,opp Guess,22
47,7,player 2,opp Guess,24
48,19,player 2,opp Guess,0
49,11,player 2,opp Guess,16
50,19,player 1,opp Guess,0
51,19,player 1,opp Guess,0
52,8,player 2,opp Guess,22
53,19,player 2,opp Guess,0
54,4,player 2,opp Guess,30
55,19,player 2,opp Guess,0
56,19,player 2,opp Guess,0
57,12,player 2,opp Guess,14
58,9,player 2,opp Guess,20
59,3,player 1,opp Guess,32
60,6,player 2,opp Guess,26
61,10,player 2,opp Guess,18
62,6,player 2,opp Guess,26
63,6,player 2,opp Guess,26
64,6,player 2,opp Guess,26
65,14,player 2,opp Guess,10
66,10,player 2,opp Guess,18
67,19,player 1,opp Guess,0
68,19,player 1,opp Guess,0
69,19,player 2,opp Guess,0
70,11,player 1,opp Guess,16
71,18,player 1,opp Guess,2
72,6,player 1,opp Guess,26
73,8,player 2,opp Guess,22
74,19,player 2,opp Guess,0
75,19,player 2,opp Guess,0
76,12,player 2,opp Guess,14
77,11,player 2,opp Guess,16
78,12,player 1,opp Guess,14
79,11,player 2,opp Guess,16
80,19,player 1,opp Guess,0
81,9,player 1,opp Guess,20
82,19,player 1,opp Guess,0
83,19,player 1,opp Guess,0
84,19,player 2,opp Guess,0
85,19,player 1,opp Guess,0
86,17,player 1,opp Guess,4
87,19,player 1,opp Guess,0
88,17,player 2,opp Guess,4
89,19,player 1,opp Guess,0
90,19,player 1,opp Guess,0
91,14,player 1,opp Guess,10
92,19,player 1,opp Guess,0
93,11,player 2,opp Guess,16
94,5,player 2,opp Guess,28
95,19,player 2,opp Guess,0
96,9,player 1,opp Guess,20
97,15,player 2,opp Guess,8
98,19,player 2,opp Guess,0
99,12,player 2,opp Guess,14
100,19,player 2,opp Guess,0
101,19,player 2,opp Guess,0
102,6,player 2,opp Guess,26
103,19,player 2,opp Guess,0
104,18,player 2,opp Guess,2
105,14,player 2,opp Guess,10
106,7,player 2,opp Guess,24
107,9,player 1,opp Guess,20
108,19,player 1,opp Guess,0
109,19,player 2,opp Guess,0
110,19,player 2,opp Guess,0
111,7,player 1,opp Guess,24
112,11,player 2,opp Guess,16
113,11,player 1,opp Guess,16
114,19,player 1,opp Guess,0
115,19,player 1,opp Guess,0
116,19,player 1,opp Guess,0
117,16,player 2,opp Guess,6
118,4,player 2,opp Guess,30
119,9,player 1,opp Guess,20
120,10,player 2,opp Guess,18
121,19,player 2,opp Guess,0
122,14,player 2,opp Guess,10
123,19,player 2,opp Guess,0
124,19,player 1,opp Guess,0
125,5,player 1,opp Guess,28
126,8,player 1,opp Guess,22
127,12,player 1,opp Guess,14
128,18,player 2,opp Guess,2
129,15,player 2,opp Guess,8
130,7,player 2,opp Guess,24
131,4,player 2,opp Guess,30
132,7,player 2,opp Guess,24
133,4,player 2,opp Guess,30
134,7,player 1,opp Guess,24
135,10,player 2,opp Guess,18
136,19,player 2,opp Guess,0
137,16,player 2,opp Guess,6
138,9,player 1,opp Guess,20
139,19,player 1,opp Guess,0
140,19,player 2,opp Guess,0
141,19,player 1,opp Guess,0
142,19,player 2,opp Guess,0
143,15,player 1,opp Guess,8
144,19,player 2,opp Guess,0
145,19,player 2,opp Guess,0
146,13,player 2,opp Guess,12
147,17,player 1,opp Guess,4
148,12,player 1,opp Guess,14
149,19,player 2,opp Guess,0
150,14,player 2,opp Guess,10
151,7,player 2,opp Guess,24
152,8,player 2,opp Guess,22
153,7,player 2,opp Guess,24
154,16,player 2,opp Guess,6
155,5,player 2,opp Guess,28
156,7,player 2,opp Guess,24
157,19,player 1,opp Guess,0
158,8,player 1,opp Guess,22
159,6,player 1,opp Guess,26
160,11,player 1,opp Guess,16
161,19,player 2,opp Guess,0
162,10,player 2,opp Guess,18
163,8,player 2,opp Guess,22
164,9,player 2,opp Guess,20
165,4,player 2,opp Guess,30
166,6,player 2,opp Guess,26
167,3,player 2,opp Guess,32
168,19,player 2,opp Guess,0
169,14,player 2,opp Guess,10
170,11,player 2,opp Guess,16
171,19,player 2,opp Guess,0
172,8,player 2,opp Guess,22
173,10,player 2,opp Guess,18
174,14,player 1,opp Guess,10
175,6,player 1,opp Guess,26
176,7,player 1,opp Guess,24
177,15,player 2,opp Guess,8
178,11,player 2,opp Guess,16
179,11,player 2,opp Guess,16
180,7,player 2,opp Guess,24
181,2,player 2,opp Guess,34
182,10,player 2,opp Guess,18
183,5,player 2,opp Guess,28
184,8,player 2,opp Guess,22
185,19,player 1,opp Guess,0
186,13,player 2,opp Guess,12
187,4,player 2,opp Guess,30
188,19,player 2,opp Guess,0
189,12,player 1,opp Guess,14
190,19,player 1,opp Guess,0
191,19,player 2,opp Guess,0
192,19,player 2,opp Guess,0
193,19,player 2,opp Guess,0
194,19,player 1,opp Guess,0
195,10,player 2,opp Guess,18
196,19,player 2,opp Guess,0
197,19,player 1,opp Guess,0
198,16,player 2,opp Guess,6
199,8,player 2,opp Guess,22
200,12,player 2,opp Guess,14
201,9,player 1,opp Guess,20
202,19,player 1,opp Guess,0
203,10,player 2,opp Guess,18
204,19,player 2,opp Guess,0
205,6,player 2,opp Guess,26
206,19,player 2,opp Guess,0
207,19,player 2,opp Guess,0
208,6,player 1,opp Guess,26
209,19,player 1,opp Guess,0
210,6,player 2,opp Guess,26
211,9,player 2,opp Guess,20
212,7,player 2,opp Guess,24
213,7,player 2,opp Guess,24
214,19,player 2,opp Guess,0
215,19,player 1,opp Guess,0
216,19,player 1,opp Guess,0
217,19,player 2,opp Guess,0
218,19,player 2,opp Guess,0
219,12,player 2,opp Guess,14
220,7,player 1,opp Guess,24
221,6,player 1,opp Guess,26
222,19,player 1,opp Guess,0
223,13,player 2,opp Guess,12
224,12,player 2,opp Guess,14
225,10,player 2,opp Guess,18
226,19,player 2,opp Guess,0
227,19,player 2,opp Guess,0
228,19,player 2,opp Guess,0
229,5,player 1,opp Guess,28
230,8,player 2,opp Guess,22
231,16,player 2,opp Guess,6
232,10,player 2,opp Guess,18
233,7,player 2,opp Guess,24
234,19,player 2,opp Guess,0
235,17,player 2,opp Guess,4
236,19,player 2,opp Guess,0
237,19,player 2,opp Guess,0
238,19,player 2,opp Guess,0
239,11,player 2,opp Guess,16
240,19,player 2,opp Guess,0
241,19,player 2,opp Guess,0
242,13,player 2,opp Guess,12
243,7,player 2,opp Guess,24
244,11,player 1,opp Guess,16
245,7,player 2,opp Guess,24
246,4,player 2,opp Guess,30
247,8,player 2,opp Guess,22
248,19,player 1,opp Guess,0
249,13,player 1,opp Guess,12
250,5,player 1,opp Guess,28
251,19,player 2,opp Guess,0
252,19,player 2,opp Guess,0
253,17,player 2,opp Guess,4
254,11,player 2,opp Guess,16
255,8,player 2,opp Guess,22
256,9,player 2,opp Guess,20
257,5,player 2,opp Guess,28
258,19,player 1,opp Guess,0
259,19,player 1,opp Guess,0
260,19,player 1,opp Guess,0
261,19,player 1,opp Guess,0
262,19,player 1,opp Guess,0
263,19,player 2,opp Guess,0
264,19,player 1,opp Guess,0
265,6,player 1,opp Guess,26
266,18,player 1,opp Guess,2
267,7,player 1,opp Guess,24
268,19,player 1,opp Guess,0
269,19,player 1,opp Guess,0
270,11,player 2,opp Guess,16
271,19,player 1,opp Guess,0
272,19,player 1,opp Guess,0
273,19,player 1,opp Guess,0
274,19,player 1,opp Guess,0
275,7,player 2,opp Guess,24
276,19,player 2,opp Guess,0
277,18,player 1,opp Guess,2
278,19,player 2,opp Guess,0
279,19,player 1,opp Guess,0
280,13,player 1,opp Guess,12
281,19,player 2,opp Guess,0
282,19,player 2,opp Guess,0
283,19,player 1,opp Guess,0
284,19,player 2,opp Guess,0
285,6,player 2,opp Guess,26
286,19,player 2,opp Guess,0
287,15,player 1,opp Guess,8
288,19,player 1,opp Guess,0
289,11,player 2,opp Guess,16
290,14,player 2,opp Guess,10
291,19,player 2,opp Guess,0
292,19,player 2,opp Guess,0
293,19,player 2,opp Guess,0
294,9,player 2,opp Guess,20
295,8,player 2,opp Guess,22
296,13,player 2,opp Guess,12
297,7,player 2,opp Guess,24
298,8,player 2,opp Guess,22
299,19,player 1,opp Guess,0
300,19,player 2,opp Guess,0
301,18,player 2,opp Guess,2
302,19,player 2,opp Guess,0
303,19,player 2,opp Guess,0
304,19,player 2,opp Guess,0
305,14,player 2,opp Guess,10
306,16,player 2,opp Guess,6
307,7,player 2,opp Guess,24
308,18,player 2,opp Guess,2
309,6,player 2,opp Guess,26
310,9,player 2,opp Guess,20
311,19,player 2,opp Guess,0
312,19,player 2,opp Guess,0
313,19,player 2,opp Guess,0
314,19,player 2,opp Guess,0
315,19,player 2,opp Guess,0
316,10,player 2,opp Guess,18
317,5,player 2,opp Guess,28
318,19,player 1,opp Guess,0
319,19,player 1,opp Guess,0
320,6,player 2,opp Guess,26
321,19,player 2,opp Guess,0
322,6,player 1,opp Guess,26
323,19,player 1,opp Guess,0
324,10,player 2,opp Guess,18
325,9,player 2,opp Guess,20
326,16,player 2,opp Guess,6
327,11,player 2,opp Guess,16
328,4,player 2,opp Guess,30
329,19,player 2,opp Guess,0
330,5,player 2,opp Guess,28
331,8,player 2,opp Guess,22
332,19,player 2,opp Guess,0
333,19,player 1,opp Guess,0
334,19,player 2,opp Guess,0
335,11,player 2,opp Guess,16
336,19,player 2,opp Guess,0
337,11,player 2,opp Guess,16
338,19,player 1,opp Guess,0
339,19,player 1,opp Guess,0
340,19,player 2,opp Guess,0
341,19,player 2,opp Guess,0
342,10,player 2,opp Guess,18
343,19,player 2,opp Guess,0
344,7,player 1,opp Guess,24
345,15,player 1,opp Guess,8
346,19,player 1,opp Guess,0
347,19,player 2,opp Guess,0
348,7,player 2,opp Guess,24
349,7,player 2,opp Guess,24
350,18,player 2,opp Guess,2
351,19,player 2,opp Guess,0
352,19,player 2,opp Guess,0
353,19,player 2,opp Guess,0
354,19,player 1,opp Guess,0
355,19,player 1,opp Guess,0
356,19,player 2,opp Guess,0
357,8,player 1,opp Guess,22
358,19,player 1,opp Guess,0
359,4,player 1,opp Guess,30
360,11,player 1,opp Guess,16
361,19,player 1,opp Guess,0
362,11,player 1,opp Guess,16
363,7,player 1,opp Guess,24
364,19,player 1,opp Guess,0
365,19,player 2,opp Guess,0
366,19,player 2,opp Guess,0
367,19,player 1,opp Guess,0
368,13,player 1,opp Guess,12
369,11,player 2,opp Guess,16
370,6,player 2,opp Guess,26
371,7,player 2,opp Guess,24
372,19,player 1,opp Guess,0
373,19,player 1,opp Guess,0
374,9,player 2,opp Guess,20
375,10,player 2,opp Guess,18
376,4,player 1,opp Guess,30
377,8,player 2,opp Guess,22
378,6,player 2,opp Guess,26
379,8,player 2,opp Guess,22
380,18,player 2,opp Guess,2
381,15,player 2,opp Guess,8
382,19,player 1,opp Guess,0
383,12,player 2,opp Guess,14
384,19,player 2,opp Guess,0
385,19,player 1,opp Guess,0
386,7,player 2,opp Guess,24
387,16,player 2,opp Guess,6
388,8,player 2,opp Guess,22
389,5,player 2,opp Guess,28
390,6,player 1,opp Guess,26
391,3,player 2,opp Guess,32
392,5,player 1,opp Guess,28
393,9,player 2,opp Guess,20
394,8,player 1,opp Guess,22
395,4,player 1,opp Guess,30
396,14,player 2,opp Guess,10
397,6,player 2,opp Guess,26
398,2,player 2,opp Guess,34
399,5,player 2,opp Guess,28
400,19,player 2,opp Guess,0
401,19,player 2,opp Guess,0
402,19,player 2,opp Guess,0
403,12,player 2,opp Guess,14
404,4,player 2,opp Guess,30
405,7,player 1,opp Guess,24
406,8,player 2,opp Guess,22
407,5,player 2,opp Guess,28
408,17,player 2,opp Guess,4
409,8,player 1,opp Guess,22
410,15,player 1,opp Guess,8
411,19,player 1,opp Guess,0
412,6,player 2,opp Guess,26
413,6,player 2,opp Guess,26
414,7,player 2,opp Guess,24
415,7,player 2,opp Guess,24
416,4,player 2,opp Guess,30
417,10,player 1,opp Guess,18
418,15,player 2,opp Guess,8
419,11,player 1,opp Guess,16
420,11,player 1,opp Guess,16
421,4,player 1,opp Guess,30
422,4,player 1,opp Guess,30
423,6,player 1,opp Guess,26
424,3,player 1,opp Guess,32
425,19,player 1,opp Guess,0
426,19,player 1,opp Guess,0
427,9,player 2,opp Guess,20
428,9,player 2,opp Guess,20
429,17,player 1,opp Guess,4
430,6,player 1,opp Guess,26
431,12,player 1,opp Guess,14
432,3,player 1,opp Guess,32
433,7,player 1,opp Guess,24
434,3,player 1,opp Guess,32
435,7,player 1,opp Guess,24
436,3,player 1,opp Guess,32
437,19,player 2,opp Guess,0
438,19,player 2,opp Guess,0
439,19,player 2,opp Guess,0
440,19,player 2,opp Guess,0
441,11,player 2,opp Guess,16
442,11,player 2,opp Guess,16
443,6,player 2,opp Guess,26
444,16,player 2,opp Guess,6
445,15,player 2,opp Guess,8
446,19,player 1,opp Guess,0
447,19,player 1,opp Guess,0
448,19,player 1,opp Guess,0
449,19,player 1,opp Guess,0
450,6,player 2,opp Guess,26
451,19,player 1,opp Guess,0
452,19,player 1,opp Guess,0
453,9,player 2,opp Guess,20
454,13,player 1,opp Guess,12
455,9,player 1,opp Guess,20
456,19,player 1,opp Guess,0
457,19,player 2,opp Guess,0
458,19,player 2,opp Guess,0
459,6,player 1,opp Guess,26
460,19,player 2,opp Guess,0
461,18,player 1,opp Guess,2
462,19,player 2,opp Guess,0
463,17,player 2,opp Guess,4
464,9,player 1,opp Guess,20
465,14,player 1,opp Guess,10
466,3,player 1,opp Guess,32
467,6,player 1,opp Guess,26
468,11,player 2,opp Guess,16
469,7,player 2,opp Guess,24
470,19,player 2,opp Guess,0
471,19,player 2,opp Guess,0
472,9,player 2,opp Guess,20
473,19,player 2,opp Guess,0
474,8,player 2,opp Guess,22
475,6,player 1,opp Guess,26
476,19,player 1,opp Guess,0
477,19,player 1,opp Guess,0
478,19,player 2,opp Guess,0
479,19,player 2,opp Guess,0
480,11,player 1,opp Guess,16
481,6,player 1,opp Guess,26
482,15,player 2,opp Guess,8
483,19,player 2,opp Guess,0
484,19,player 2,opp Guess,0
485,4,player 2,opp Guess,30
486,5,player 2,opp Guess,28
487,5,player 2,opp Guess,28
488,8,player 2,opp Guess,22
489,6,player 2,opp Guess,26
490,19,player 2,opp Guess,0
491,9,player 2,opp Guess,20
492,19,player 2,opp Guess,0
493,6,player 2,opp Guess,26
494,7,player 2,opp Guess,24
495,15,player 2,opp Guess,8
496,10,player 2,opp Guess,18
497,19,player 1,opp Guess,0
498,9,player 1,opp Guess,20
499,19,player 2,opp Guess,0
500,19,player 2,opp Guess,0
501,17,player 2,opp Guess,4
502,19,player 2,opp Guess,0
503,8,player 1,opp Guess,22
504,8,player 1,opp Guess,22
505,19,player 1,opp Guess,0
506,7,player 2,opp Guess,24
507,8,player 1,opp Guess,22
508,19,player 1,opp Guess,0
509,9,player 1,opp Guess,20
510,15,player 2,opp Guess,8
511,13,player 2,opp Guess,12
512,13,player 2,opp Guess,12
513,8,player 1,opp Guess,22
514,19,player 2,opp Guess,0
515,19,player 2,opp Guess,0
516,19,player 1,opp Guess,0
517,12,player 2,opp Guess,14
518,19,player 2,opp Guess,0
519,19,player 2,opp Guess,0
520,16,player 1,opp Guess,6
521,19,player 1,opp Guess,0
522,19,player 1,opp Guess,0
523,19,player 2,opp Guess,0
524,19,player 2,opp Guess,0
525,19,player 2,opp Guess,0
526,8,player 2,opp Guess,22
527,15,player 2,opp Guess,8
528,19,player 1,opp Guess,0
529,11,player 2,opp Guess,16
530,4,player 1,opp Guess,30
531,7,player 2,opp Guess,24
532,15,player 2,opp Guess,8
533,16,player 2,opp Guess,6
534,12,player 2,opp Guess,14
535,19,player 2,opp Guess,0
536,15,player 1,opp Guess,8
537,17,player 2,opp Guess,4
538,8,player 2,opp Guess,22
539,19,player 2,opp Guess,0
540,9,player 2,opp Guess,20
541,19,player 2,opp Guess,0
542,19,player 2,opp Guess,0
543,6,player 1,opp Guess,26
544,6,player 1,opp Guess,26
545,16,player 1,opp Guess,6
546,8,player 1,opp Guess,22
547,10,player 1,opp Guess,18
548,10,player 1,opp Guess,18
549,5,player 2,opp Guess,28
550,13,player 2,opp Guess,12
551,19,player 2,opp Guess,0
552,19,player 1,opp Guess,0
553,6,player 2,opp Guess,26
554,7,player 2,opp Guess,24
555,16,player 2,opp Guess,6
556,13,player 2,opp Guess,12
557,6,player 2,opp Guess,26
558,9,player 2,opp Guess,20
559,4,player 2,opp Guess,30
560,14,player 2,opp Guess,10
561,19,player 1,opp Guess,0
562,19,player 2,opp Guess,0
563,6,player 2,opp Guess,26
564,5,player 2,opp Guess,28
565,10,player 2,opp Guess,18
566,4,player 2,opp Guess,30
567,7,player 2,opp Guess,24
568,19,player 2,opp Guess,0
569,19,player 2,opp Guess,0
570,19,player 2,opp Guess,0
571,10,player 2,opp Guess,18
572,19,player 2,opp Guess,0
573,19,player 2,opp Guess,0
574,17,player 2,opp Guess,4
575,9,player 2,opp Guess,20
576,19,player 2,opp Guess,0
577,19,player 2,opp Guess,0
578,15,player 1,opp Guess,8
579,13,player 1,opp Guess,12
580,6,player 1,opp Guess,26
581,14,player 2,opp Guess,10
582,9,player 2,opp Guess,20
583,19,player 2,opp Guess,0
584,19,player 2,opp Guess,0
585,19,player 2,opp Guess,0
586,3,player 2,opp Guess,32
587,16,player 2,opp Guess,6
588,12,player 2,opp Guess,14
589,6,player 2,opp Guess,26
590,6,player 2,opp Guess,26
591,5,player 2,opp Guess,28
592,19,player 2,opp Guess,0
593,7,player 2,opp Guess,24
594,6,player 1,opp Guess,26
595,9,player 1,opp Guess,20
596,10,player 2,opp Guess,18
597,8,player 2,opp Guess,22
598,14,player 2,opp Guess,10
599,6,player 2,opp Guess,26
600,19,player 2,opp Guess,0
601,18,player 2,opp Guess,2
602,14,player 2,opp Guess,10
603,17,player 2,opp Guess,4
604,14,player 2,opp Guess,10
605,13,player 2,opp Guess,12
606,4,player 1,opp Guess,30
607,5,player 1,opp Guess,28
608,6,player 2,opp Guess,26
609,9,player 1,opp Guess,20
610,4,player 1,opp Guess,30
611,11,player 1,opp Guess,16
612,19,player 2,opp Guess,0
613,4,player 1,opp Guess,30
614,15,player 1,opp Guess,8
615,19,player 1,opp Guess,0
616,8,player 2,opp Guess,22
617,19,player 2,opp Guess,0
618,18,player 2,opp Guess,2
619,19,player 2,opp Guess,0
620,19,player 2,opp Guess,0
621,19,player 2,opp Guess,0
622,7,player 2,opp Guess,24
623,15,player 2,opp Guess,8
624,19,player 1,opp Guess,0
625,12,player 2,opp Guess,14
626,6,player 1,opp Guess,26
627,19,player 1,opp Guess,0
628,19,player 2,opp Guess,0
629,11,player 2,opp Guess,16
630,10,player 2,opp Guess,18
631,5,player 2,opp Guess,28
632,7,player 2,opp Guess,24
633,6,player 1,opp Guess,26
634,4,player 1,opp Guess,30
635,5,player 1,opp Guess,28
636,12,player 2,opp Guess,14
637,11,player 2,opp Guess,16
638,19,player 2,opp Guess,0
639,13,player 2,opp Guess,12
640,19,player 2,opp Guess,0
641,19,player 2,opp Guess,0
642,19,player 2,opp Guess,0
643,5,player 2,opp Guess,28
644,9,player 2,opp Guess,20
645,13,player 1,opp Guess,12
646,9,player 2,opp Guess,20
647,8,player 2,opp Guess,22
648,6,player 2,opp Guess,26
649,10,player 1,opp Guess,18
650,3,player 1,opp Guess,32
651,8,player 2,opp Guess,22
652,7,player 2,opp Guess,24
653,19,player 2,opp Guess,0
654,4,player 2,opp Guess,30
655,4,player 2,opp Guess,30
656,19,player 2,opp Guess,0
657,19,player 1,opp Guess,0
658,10,player 2,opp Guess,18
659,19,player 2,opp Guess,0
660,12,player 2,opp Guess,14
661,19,player 1,opp Guess,0
662,10,player 2,opp Guess,18
663,19,player 2,opp Guess,0
664,19,player 2,opp Guess,0
665,9,player 2,opp Guess,20
666,6,player 2,opp Guess,26
667,19,player 2,opp Guess,0
668,19,player 2,opp Guess,0
669,19,player 1,opp Guess,0
670,19,player 1,opp Guess,0
671,16,player 2,opp Guess,6
672,17,player 2,opp Guess,4
673,9,player 2,opp Guess,20
674,19,player 2,opp Guess,0
675,7,player 2,opp Guess,24
676,19,player 1,opp Guess,0
677,19,player 2,opp Guess,0
678,9,player 1,opp Guess,20
679,13,player 2,opp Guess,12
680,19,player 2,opp Guess,0
681,19,player 2,opp Guess,0
682,6,player 2,opp Guess,26
683,19,player 2,opp Guess,0
684,19,player 2,opp Guess,0
685,11,player 2,opp Guess,16
686,6,player 1,opp Guess,26
687,15,player 1,opp Guess,8
688,17,player 2,opp Guess,4
689,6,player 2,opp Guess,26
690,10,player 1,opp Guess,18
691,12,player 1,opp Guess,14
692,19,player 2,opp Guess,0
693,9,player 2,opp Guess,20
694,5,player 2,opp Guess,28
695,8,player 2,opp Guess,22
696,7,player 1,opp Guess,24
697,15,player 2,opp Guess,8
698,16,player 2,opp Guess,6
699,6,player 1,opp Guess,26
700,15,player 2,opp Guess,8
701,8,player 2,opp Guess,22
702,11,player 2,opp Guess,16
703,2,player 2,opp Guess,34
704,6,player 2,opp Guess,26
705,11,player 2,opp Guess,16
706,12,player 2,opp Guess,14
707,10,player 2,opp Guess,18
708,6,player 2,opp Guess,26
709,19,player 1,opp Guess,0
710,19,player 1,opp Guess,0
711,19,player 2,opp Guess,0
712,7,player 2,opp Guess,24
713,19,player 2,opp Guess,0
714,17,player 2,opp Guess,4
715,15,player 2,opp Guess,8
716,13,player 2,opp Guess,12
717,14,player 2,opp Guess,10
718,12,player 2,opp Guess,14
719,17,player 2,opp Guess,4
720,11,player 1,opp Guess,16
721,15,player 1,opp Guess,8
722,8,player 1,opp Guess,22
723,19,player 2,opp Guess,0
724,7,player 2,opp Guess,24
725,8,player 2,opp Guess,22
726,14,player 1,opp Guess,10
727,6,player 1,opp Guess,26
728,8,player 2,opp Guess,22
729,8,player 2,opp Guess,22
730,13,player 1,opp Guess,12
731,6,player 2,opp Guess,26
732,19,player 1,opp Guess,0
733,8,player 2,opp Guess,22
734,19,player 1,opp Guess,0
735,15,player 2,opp Guess,8
736,8,player 2,opp Guess,22
737,14,player 2,opp Guess,10
738,12,player 2,opp Guess,14
739,17,player 1,opp Guess,4
740,6,player 2,opp Guess,26
741,7,player 2,opp Guess,24
742,19,player 1,opp Guess,0
743,14,player 1,opp Guess,10
744,19,player 1,opp Guess,0
745,19,player 2,opp Guess,0
746,19,player 2,opp Guess,0
747,16,player 2,opp Guess,6
748,6,player 2,opp Guess,26
749,14,player 2,opp Guess,10
750,19,player 2,opp Guess,0
751,8,player 1,opp Guess,22
752,4,player 1,opp Guess,30
753,19,player 2,opp Guess,0
754,13,player 2,opp Guess,12
755,7,player 2,opp Guess,24
756,19,player 1,opp Guess,0
757,19,player 1,opp Guess,0
758,19,player 2,opp Guess,0
759,15,player 2,opp Guess,8
760,19,player 2,opp Guess,0
761,10,player 2,opp Guess,18
762,15,player 2,opp Guess,8
763,3,player 2,opp Guess,32
764,7,player 1,opp Guess,24
765,8,player 2,opp Guess,22
766,11,player 1,opp Guess,16
767,5,player 2,opp Guess,28
768,8,player 1,opp Guess,22
769,19,player 1,opp Guess,0
770,19,player 2,opp Guess,0
771,6,player 1,opp Guess,26
772,3,player 1,opp Guess,32
773,6,player 1,opp Guess,26
774,6,player 1,opp Guess,26
775,10,player 2,opp Guess,18
776,19,player 2,opp Guess,0
777,19,player 2,opp Guess,0
778,19,player 2,opp Guess,0
779,19,player 2,opp Guess,0
780,19,player 1,opp Guess,0
781,8,player 1,opp Guess,22
782,4,player 2,opp Guess,30
783,4,player 2,opp Guess,30
784,8,player 2,opp Guess,22
785,10,player 2,opp Guess,18
786,12,player 2,opp Guess,14
787,19,player 2,opp Guess,0
788,19,player 2,opp Guess,0
789,19,player 2,opp Guess,0
790,19,player 2,opp Guess,0
791,6,player 1,opp Guess,26
792,19,player 1,opp Guess,0
793,7,player 2,opp Guess,24
794,14,player 2,opp Guess,10
795,5,player 2,opp Guess,28
796,13,player 2,opp Guess,12
797,5,player 2,opp Guess,28
798,3,player 2,opp Guess,32
799,19,player 2,opp Guess,0
800,18,player 1,opp Guess,2
801,19,player 2,opp Guess,0
802,6,player 2,opp Guess,26
803,6,player 1,opp Guess,26
804,15,player 2,opp Guess,8
805,11,player 2,opp Guess,16
806,19,player 1,opp Guess,0
807,19,player 2,opp Guess,0
808,11,player 2,opp Guess,16
809,19,player 1,opp Guess,0
810,7,player 2,opp Guess,24
811,8,player 2,opp Guess,22
812,12,player 1,opp Guess,14
813,19,player 1,opp Guess,0
814,19,player 2,opp Guess,0
815,19,player 2,opp Guess,0
816,17,player 2,opp Guess,4
817,19,player 2,opp Guess,0
818,4,player 2,opp Guess,30
819,19,player 2,opp Guess,0
820,5,player 2,opp Guess,28
821,6,player 2,opp Guess,26
822,7,player 2,opp Guess,24
823,8,player 2,opp Guess,22
824,10,player 2,opp Guess,18
825,19,player 1,opp Guess,0
826,16,player 2,opp Guess,6
827,10,player 2,opp Guess,18
828,8,player 1,opp Guess,22
829,15,player 1,opp Guess,8
830,19,player 1,opp Guess,0
831,7,player 2,opp Guess,24
832,6,player 2,opp Guess,26
833,19,player 2,opp Guess,0
834,9,player 2,opp Guess,20
835,9,player 2,opp Guess,20
836,5,player 2,opp Guess,28
837,7,player 2,opp Guess,24
838,19,player 2,opp Guess,0
839,19,player 2,opp Guess,0
840,19,player 1,opp Guess,0
841,14,player 1,opp Guess,10
842,19,player 2,opp Guess,0
843,6,player 2,opp Guess,26
844,14,player 2,opp Guess,10
845,6,player 2,opp Guess,26
846,13,player 2,opp Guess,12
847,17,player 2,opp Guess,4
848,19,player 2,opp Guess,0
849,4,player 2,opp Guess,30
850,3,player 2,opp Guess,32
851,7,player 2,opp Guess,24
852,12,player 2,opp Guess,14
853,4,player 2,opp Guess,30
854,2,player 2,opp Guess,34
855,11,player 2,opp Guess,16
856,14,player 2,opp Guess,10
857,4,player 2,opp Guess,30
858,8,player 1,opp Guess,22
859,19,player 2,opp Guess,0
860,19,player 1,opp Guess,0
861,19,player 2,opp Guess,0
862,19,player 2,opp Guess,0
863,11,player 2,opp Guess,16
864,6,player 1,opp Guess,26
865,19,player 1,opp Guess,0
866,19,player 1,opp Guess,0
867,14,player 2,opp Guess,10
868,6,player 1,opp Guess,26
869,19,player 2,opp Guess,0
870,8,player 2,opp Guess,22
871,12,player 1,opp Guess,14
872,13,player 2,opp Guess,12
873,18,player 2,opp Guess,2
874,7,player 2,opp Guess,24
875,17,player 2,opp Guess,4
876,16,player 1,opp Guess,6
877,4,player 2,opp Guess,30
878,19,player 1,opp Guess,0
879,19,player 1,opp Guess,0
880,19,player 2,opp Guess,0
881,19,player 1,opp Guess,0
882,15,player 2,opp Guess,8
883,19,player 1,opp Guess,0
884,19,player 1,opp Guess,0
885,15,player 1,opp Guess,8
886,19,player 1,opp Guess,0
887,8,player 1,opp Guess,22
888,19,player 2,opp Guess,0
889,13,player 2,opp Guess,12
890,5,player 2,opp Guess,28
891,18,player 2,opp Guess,2
892,19,player 2,opp Guess,0
893,6,player 1,opp Guess,26
894,12,player 1,opp Guess,14
895,9,player 2,opp Guess,20
896,19,player 2,opp Guess,0
897,19,player 2,opp Guess,0
898,15,player 2,opp Guess,8
899,7,player 2,opp Guess,24
900,3,player 2,opp Guess,32
901,7,player 2,opp Guess,24
902,19,player 2,opp Guess,0
903,9,player 2,opp Guess,20
904,19,player 2,opp Guess,0
905,15,player 2,opp Guess,8
906,4,player 2,opp Guess,30
907,14,player 2,opp Guess,10
908,11,player 1,opp Guess,16
909,7,player 2,opp Guess,24
910,13,player 1,opp Guess,12
911,19,player 2,opp Guess,0
912,6,player 2,opp Guess,26
913,19,player 2,opp Guess,0
914,19,player 2,opp Guess,0
915,15,player 2,opp Guess,8
916,19,player 2,opp Guess,0
917,19,player 1,opp Guess,0
918,16,player 2,opp Guess,6
919,9,player 2,opp Guess,20
920,5,player 1,opp Guess,28
921,19,player 2,opp Guess,0
922,7,player 1,opp Guess,24
923,19,player 2,opp Guess,0
924,3,player 2,opp Guess,32
925,7,player 1,opp Guess,24
926,4,player 2,opp Guess,30
927,19,player 1,opp Guess,0
928,19,player 2,opp Guess,0
929,7,player 1,opp Guess,24
930,8,player 1,opp Guess,22
931,6,player 1,opp Guess,26
932,19,player 2,opp Guess,0
933,10,player 2,opp Guess,18
934,18,player 2,opp Guess,2
935,7,player 2,opp Guess,24
936,3,player 2,opp Guess,32
937,17,player 2,opp Guess,4
938,10,player 2,opp Guess,18
939,19,player 2,opp Guess,0
940,9,player 1,opp Guess,20
941,11,player 1,opp Guess,16
942,11,player 2,opp Guess,16
943,11,player 2,opp Guess,16
944,9,player 2,opp Guess,20
945,8,player 2,opp Guess,22
946,8,player 2,opp Guess,22
947,13,player 2,opp Guess,12
948,18,player 2,opp Guess,2
949,13,player 2,opp Guess,12
950,9,player 2,opp Guess,20
951,19,player 2,opp Guess,0
952,19,player 1,opp Guess,0
953,19,player 2,opp Guess,0
954,13,player 2,opp Guess,12
955,19,player 2,opp Guess,0
956,16,player 2,opp Guess,6
957,8,player 2,opp Guess,22
958,4,player 2,opp Guess,30
959,7,player 2,opp Guess,24
960,5,player 2,opp Guess,28
961,4,player 2,opp Guess,30
962,19,player 2,opp Guess,0
963,19,player 2,opp Guess,0
964,19,player 1,opp Guess,0
965,19,player 1,opp Guess,0
966,11,player 2,opp Guess,16
967,6,player 2,opp Guess,26
968,19,player 2,opp Guess,0
969,6,player 2,opp Guess,26
970,19,player 2,opp Guess,0
971,19,player 2,opp Guess,0
972,10,player 2,opp Guess,18
973,19,player 2,opp Guess,0
974,9,player 1,opp Guess,20
975,6,player 2,opp Guess,26
976,10,player 2,opp Guess,18
977,7,player 2,opp Guess,24
978,9,player 2,opp Guess,20
979,6,player 2,opp Guess,26
980,19,player 2,opp Guess,0
981,8,player 1,opp Guess,22
982,19,player 2,opp Guess,0
983,19,player 1,opp Guess,0
984,10,player 2,opp Guess,18
985,19,player 2,opp Guess,0
986,16,player 2,opp Guess,6
987,19,player 2,opp Guess,0
988,5,player 2,opp Guess,28
989,3,player 2,opp Guess,32
990,3,player 2,opp Guess,32
991,12,player 2,opp Guess,14
992,12,player 2,opp Guess,14
993,13,player 2,opp Guess,12
994,9,player 1,opp Guess,20
995,10,player 2,opp Guess,18
996,4,player 2,opp Guess,30
997,4,player 2,opp Guess,30
998,4,player 2,opp Guess,30
999,8,player 2,opp Guess,22
1000,7,player 2,opp Guess,24
